cart_position,pole_angle,cart_velocity,pole_angular_velocity,action,reward,next_cart_position,next_pole_angle,next_cart_velocity,next_pole_angular_velocity,terminated
-0.0037807407323852504,0.0006162845231935599,0.004805472322477465,-0.004532534333317113,0.2964827,1,-0.001622372907317856,-0.00406045888896706,0.10285711303324237,-0.22710729835916357,False
-0.001622372907317856,-0.00406045888896706,0.10285711303324237,-0.22710729835916357,-1.8061838,1,-0.009552135216810413,0.014853840840792226,-0.49754502870387257,1.1570815946437396,False
-0.009552135216810413,0.014853840840792226,-0.49754502870387257,1.1570815946437396,0.3328279,1,-0.027099222996246206,0.05486145924510404,-0.38104431695553703,0.8555472467684672,False
-0.027099222996246206,0.05486145924510404,-0.38104431695553703,0.8555472467684672,-0.120837726,1,-0.043135603093993294,0.09109576527969934,-0.42126181095813836,0.9617156960095868,False
-0.043135603093993294,0.09109576527969934,-0.42126181095813836,0.9617156960095868,2.857484,1,-0.04109097883266408,0.08686476183005035,0.5203780028700643,-1.1448688548664834,False
-0.04109097883266408,0.08686476183005035,0.5203780028700643,-1.1448688548664834,-1.6793486,1,-0.0317973148776104,0.07033019634744385,-0.05333949284095199,0.2953940965212556,False
-0.0317973148776104,0.07033019634744385,-0.05333949284095199,0.2953940965212556,2.0610428,1,-0.020362355392076478,0.051898117276957624,0.6232576689450373,-1.2002993276634208,False
-0.020362355392076478,0.051898117276957624,0.6232576689450373,-1.2002993276634208,1.2055757,1,0.012280382573786861,-0.011762551544126166,1.0088288767318334,-1.9844610546049426,False
0.012280382573786861,-0.011762551544126166,1.0088288767318334,-1.9844610546049426,0.5857232,1,0.05622211966046045,-0.09765112184959478,1.18890440145515,-2.320845101870286,False
0.05622211966046045,-0.09765112184959478,1.18890440145515,-2.320845101870286,-2.325851,1,0.08819012852401321,-0.15419641958849042,0.41424661780178407,-0.546740339987697,False
0.08819012852401321,-0.15419641958849042,0.41424661780178407,-0.546740339987697,2.6919215,0,0.12273463183186195,-0.21921250955124497,1.3087364499171572,-2.677809470765942,True
-0.00014254005605576214,0.0054549487389067485,-0.006808447848753863,0.009179938962512268,-0.1574443,1,-0.0014767556993374154,0.008394790057777749,-0.059762485743710125,0.13660938075442086,False
-0.0014767556993374154,0.008394790057777749,-0.059762485743710125,0.13660938075442086,0.05482862,1,-0.003504552459262968,0.01306937253242474,-0.041777801308470155,0.09858749521252358,False
-0.003504552459262968,0.01306937253242474,-0.041777801308470155,0.09858749521252358,0.42899218,1,-0.0023406842942657567,0.010635596711106556,0.09952786004398616,-0.21633493233558965,False
-0.0023406842942657567,0.010635596711106556,0.09952786004398616,-0.21633493233558965,1.2151835,1,0.009662560199840527,-0.016110211441833975,0.4997417606335696,-1.1136376739923732,False
0.009662560199840527,-0.016110211441833975,0.4997417606335696,-1.1136376739923732,-2.3753223,1,0.01371556065199178,-0.02302171502734874,-0.294067248806333,0.7405644631435415,False
0.01371556065199178,-0.02302171502734874,-0.294067248806333,0.7405644631435415,2.5480492,1,0.019059603544282613,-0.0340204945325499,0.5583324312581955,-1.2643541579627888,False
0.019059603544282613,-0.0340204945325499,0.5583324312581955,-1.2643541579627888,0.22102703,1,0.04273412597656614,-0.08702980262113823,0.6260931473989116,-1.3944480892282516,False
0.04273412597656614,-0.08702980262113823,0.6260931473989116,-1.3944480892282516,-2.6747117,1,0.05000708471776266,-0.10212786199275774,-0.25882338580378245,0.6074433314040063,False
0.05000708471776266,-0.10212786199275774,-0.25882338580378245,0.6074433314040063,-1.493967,1,0.030049170603828394,-0.05815071658077243,-0.7386225184036412,1.5875655742967227,False
0.030049170603828394,-0.05815071658077243,-0.7386225184036412,1.5875655742967227,-1.2709004,1,-0.007583914742450719,0.02143404671330869,-1.1431176086105792,2.3959199459737315,False
-0.007583914742450719,0.02143404671330869,-1.1431176086105792,2.3959199459737315,-2.094299,1,-0.06684792315121053,0.1465329215888481,-1.8178570652507515,3.8550443995402865,False
-0.06684792315121053,0.1465329215888481,-1.8178570652507515,3.8550443995402865,-1.9651549,0,-0.1518349262951486,0.3273316728913696,-2.425105226398081,5.173558282312174,True
-0.002860777444663947,0.0033411689476557727,0.00537678571503558,-0.00787980513582138,2.2891262,1,0.012568227736458975,-0.03201480180512502,0.7639770027558409,-1.7422859625698373,False
0.012568227736458975,-0.03201480180512502,0.7639770027558409,-1.7422859625698373,1.3128097,1,0.05162886300047207,-0.12014111569130417,1.1884350734070435,-2.6654138876523388,False
0.05162886300047207,-0.12014111569130417,1.1884350734070435,-2.6654138876523388,2.8666587,0,0.11775504941168448,-0.26862249099216395,2.1109171349650433,-4.733434366734766,True
0.0074610336460168595,0.009942248525915331,-0.0037303605563111433,-0.009802220979505838,2.015045,1,0.02068830993814106,-0.021124759907163986,0.6633048980142562,-1.5283145213899032,False
0.02068830993814106,-0.021124759907163986,0.6633048980142562,-1.5283145213899032,1.1910466,1,0.05493506702417089,-0.09890469066551855,1.0486581571934546,-2.362390939094039,False
0.05493506702417089,-0.09890469066551855,1.0486581571934546,-2.362390939094039,2.5184915,0,0.1132742293344103,-0.23033075308182976,1.8635351549750412,-4.192099675763607,True
0.004408997424938288,-0.00936135135279189,0.009890462033641759,-0.008310854730390307,-2.2008438,1,-0.009819207725564402,0.02395130814652518,-0.719298586460857,1.6569812687132153,False
-0.009819207725564402,0.02395130814652518,-0.719298586460857,1.6569812687132153,2.1628518,1,-0.024012996884213537,0.05542276821137607,0.006188758711527139,-0.05237132036359767,False
-0.024012996884213537,0.05542276821137607,0.006188758711527139,-0.05237132036359767,1.2483515,1,-0.015603498217445468,0.0355888768654774,0.413359672873634,-0.9312070665370922,False
-0.015603498217445468,0.0355888768654774,0.413359672873634,-0.9312070665370922,-0.049059898,1,0.00037997132807908663,0.0012045778276828475,0.3866419520441384,-0.7966292645429709,False
0.00037997132807908663,0.0012045778276828475,0.3866419520441384,-0.7966292645429709,-2.7307827,1,-0.002449855856452469,0.012433284064506752,-0.5250394746830203,1.330378650285009,False
-0.002449855856452469,0.012433284064506752,-0.5250394746830203,1.330378650285009,1.8365504,1,-0.011068801747242434,0.036004719212859866,0.09131659613414152,-0.12635259596450654,False
-0.011068801747242434,0.036004719212859866,0.09131659613414152,-0.12635259596450654,1.4563568,1,0.002162337752728099,0.009645871006560688,0.5691505997209236,-1.182227747536331,False
0.002162337752728099,0.009645871006560688,0.5691505997209236,-1.182227747536331,0.39111644,1,0.027319797083192234,-0.0417974629126966,0.6892835349845906,-1.3968949463227278,False
0.027319797083192234,-0.0417974629126966,0.6892835349845906,-1.3968949463227278,0.1460704,1,0.05572312206334273,-0.09894292204514508,0.7317381405792049,-1.4703150259634774,False
0.05572312206334273,-0.09894292204514508,0.7317381405792049,-1.4703150259634774,-2.208601,1,0.07033315662321338,-0.12441801541653615,0.0021582820261347715,0.16689826109324432,False
0.07033315662321338,-0.12441801541653615,0.0021582820261347715,0.16689826109324432,0.8663369,1,0.0764514271366997,-0.1339522979855369,0.3026542931902062,-0.6340267323857186,False
0.0764514271366997,-0.1339522979855369,0.3026542931902062,-0.6340267323857186,-1.8350862,1,0.07661160542860738,-0.13374375745814238,-0.29269325875471996,0.6268350501993339,False
0.07661160542860738,-0.13374375745814238,-0.29269325875471996,0.6268350501993339,-1.2555773,1,0.05696893435510875,-0.0934833931983886,-0.6892714776964357,1.384760800642568,False
0.05696893435510875,-0.0934833931983886,-0.6892714776964357,1.384760800642568,1.8074583,1,0.0418151126424352,-0.06970960920080096,-0.07099885764868824,-0.17064774216021253,False
0.0418151126424352,-0.06970960920080096,-0.07099885764868824,-0.17064774216021253,-2.4371471,1,0.022918158373186573,-0.04058969416312625,-0.8718644647302783,1.6084718641179836,False
0.022918158373186573,-0.04058969416312625,-0.8718644647302783,1.6084718641179836,0.31390855,1,-0.009528714392268002,0.015854393784428444,-0.7520211728295567,1.2299397831688725,False
-0.009528714392268002,0.015854393784428444,-0.7520211728295567,1.2299397831688725,-0.7032456,1,-0.044116582120501194,0.0745610783173661,-0.9775328346013767,1.709555489513369,False
-0.044116582120501194,0.0745610783173661,-0.9775328346013767,1.709555489513369,-2.0934665,1,-0.0969388021597532,0.1741495746859594,-1.6609455052843458,3.259516147500483,False
-0.0969388021597532,0.1741495746859594,-1.6609455052843458,3.259516147500483,0.35461345,0,-0.16072194856394187,0.2984907513150324,-1.5305666936437958,2.9858209789472503,True
0.005392470376667804,0.0026748603318235563,-0.007650352434734012,-0.007846880682262474,2.4744039,1,0.02153498098415283,-0.03554317670703207,0.8124859370989269,-1.8838946392716973,False
0.02153498098415283,-0.03554317670703207,0.8124859370989269,-1.8838946392716973,-1.9483176,1,0.04086704886780489,-0.07929075733295356,0.1576233290985772,-0.3351841719307723,False
0.04086704886780489,-0.07929075733295356,0.1576233290985772,-0.3351841719307723,-2.330119,1,0.031820112550120926,-0.05841849728715125,-0.6079320390359333,1.3600301189939736,False
0.031820112550120926,-0.05841849728715125,-0.6079320390359333,1.3600301189939736,2.8777075,1,0.026966233911015703,-0.051290505786846206,0.3615874489401353,-0.9698628597415475,False
0.026966233911015703,-0.051290505786846206,0.3615874489401353,-0.9698628597415475,0.18443955,1,0.04261762370634463,-0.09276708805238186,0.42149178804559856,-1.1099935583121474,False
0.04261762370634463,-0.09276708805238186,0.42149178804559856,-1.1099935583121474,1.7084751,1,0.0708132122446649,-0.163741389866215,0.9864434518044743,-2.429570603522691,False
0.0708132122446649,-0.163741389866215,0.9864434518044743,-2.429570603522691,-2.965093,0,0.0906870747130123,-0.2170103104432137,0.013235843317120374,-0.28192985915424634,True
-0.0034012537634635722,0.0007928387685787608,0.008929554896067756,-0.004883560349935645,1.7559329,1,0.008629287418168508,-0.02631506896262202,0.5910095504007006,-1.3370367407620387,False
0.008629287418168508,-0.02631506896262202,0.5910095504007006,-1.3370367407620387,-1.0320438,1,0.02525560773996273,-0.06273967927272148,0.24237809626409137,-0.5035390447139638,False
0.02525560773996273,-0.06273967927272148,0.24237809626409137,-0.5035390447139638,-1.6316847,1,0.024168974783643115,-0.058639309024305385,-0.2949514436520113,0.6926746580399659,False
0.024168974783643115,-0.058639309024305385,-0.2949514436520113,0.6926746580399659,2.6909082,1,0.030487288344942798,-0.07442676209465472,0.6076808695848289,-1.4543210606231496,False
0.030487288344942798,-0.07442676209465472,0.6076808695848289,-1.4543210606231496,0.29670286,1,0.05668673353103989,-0.13683532613591548,0.7028968763127306,-1.6745293362982918,False
0.05668673353103989,-0.13683532613591548,0.7028968763127306,-1.6745293362982918,0.7264255,0,0.0895933431359538,-0.2155283483497292,0.9421024787633882,-2.263862589460073,True
-0.00648869981251035,-0.0015947223080960238,0.005489712295069151,-0.0036907956126180255,2.9225125,1,0.013168251217152259,-0.04662949786347759,0.9745487833654946,-2.2249491994245405,False
0.013168251217152259,-0.04662949786347759,0.9745487833654946,-2.2249491994245405,-0.63122106,1,0.04769277767012224,-0.12398413608857857,0.7540643611263134,-1.6665861010178153,False
0.04769277767012224,-0.12398413608857857,0.7540643611263134,-1.6665861010178153,-2.7721405,1,0.05951985886175237,-0.14926756295938504,-0.15852371968376242,0.3664357321707124,False
0.05951985886175237,-0.14926756295938504,-0.15852371968376242,0.3664357321707124,0.8268587,1,0.059028459551773715,-0.15100532132146233,0.1327670057463988,-0.44238611159674035,False
0.059028459551773715,-0.15100532132146233,0.1327670057463988,-0.44238611159674035,2.4350874,0,0.08065997559910985,-0.20816020756637552,0.9452149287857924,-2.392248320615839,True
0.000510199465644785,4.4576449776212444e-05,0.004284159240523615,-0.002013366581191407,-1.424721,1,-0.008799786922812929,0.021895969709382696,-0.46849062462975494,1.0835686163499976,False
-0.008799786922812929,0.021895969709382696,-0.46849062462975494,1.0835686163499976,-1.204269,1,-0.03542605828106649,0.08279789731317921,-0.8622702922512946,1.9599677795190078,False
-0.03542605828106649,0.08279789731317921,-0.8622702922512946,1.9599677795190078,-2.8639905,0,-0.08868758041330961,0.20383148183491626,-1.7958532679311467,4.070425073557312,True
-0.0004889896635743485,-0.009870613869833263,-0.001605944733122311,0.0036883805500265376,0.21075095,1,0.0008678338916924835,-0.013157576591979022,0.06924805617984865,-0.16630489050771022,False
0.0008678338916924835,-0.013157576591979022,0.06924805617984865,-0.16630489050771022,-2.6552463,1,-0.014023470823784684,0.020936604691666905,-0.8112926112438733,1.8493435758683152,False
-0.014023470823784684,0.020936604691666905,-0.8112926112438733,1.8493435758683152,-2.557504,1,-0.06320144284085993,0.13206463427607285,-1.6448027106713736,3.695597460503241,False
-0.06320144284085993,0.13206463427607285,-1.6448027106713736,3.695597460503241,0.40724075,0,-0.1258276813296885,0.2714653688738848,-1.4891463647844938,3.3072292677103627,True
0.008901235618418726,0.004376665573760838,0.009085727786970173,-0.009341349743349584,0.8824252,1,0.015119075321484368,-0.009400272148718664,0.3010389116523648,-0.6729182924871058,False
0.015119075321484368,-0.009400272148718664,0.3010389116523648,-0.6729182924871058,-1.693627,1,0.01580955177297516,-0.009578736217399596,-0.26446901128799866,0.6454472690593632,False
0.01580955177297516,-0.009578736217399596,-0.26446901128799866,0.6454472690593632,2.6697838,1,0.0231047974892661,-0.025822828269764526,0.6262826047190465,-1.431546924923045,False
0.0231047974892661,-0.025822828269764526,0.6262826047190465,-1.431546924923045,-1.128727,1,0.04048364704235393,-0.06440686992377997,0.24490965179383767,-0.5186151985907589,False
0.04048364704235393,-0.06440686992377997,0.24490965179383767,-0.5186151985907589,2.4504526,1,0.06660114917063252,-0.12336210318338856,1.0582177993161472,-2.4103941004126774,False
0.06660114917063252,-0.12336210318338856,1.0582177993161472,-2.4103941004126774,-2.7410102,1,0.09067434873857891,-0.1778935679604041,0.15092006627220736,-0.3614349754811847,False
0.09067434873857891,-0.1778935679604041,0.15092006627220736,-0.3614349754811847,-2.297633,1,0.08189358315073259,-0.16147625772067276,-0.5882587894212324,1.165780455841612,False
0.08189358315073259,-0.16147625772067276,-0.5882587894212324,1.165780455841612,-0.77098453,1,0.05377788776851207,-0.10839849973941847,-0.8181241316460903,1.4947990587624316,False
0.05377788776851207,-0.10839849973941847,-0.8181241316460903,1.4947990587624316,1.2465806,1,0.02979067100768359,-0.07210836143329323,-0.38335018326152936,0.34167453999180847,False
0.02979067100768359,-0.07210836143329323,-0.38335018326152936,0.34167453999180847,1.7654477,1,0.0264089120701724,-0.08759079052733233,0.21220481238041947,-1.0980977684669386,False
0.0264089120701724,-0.08759079052733233,0.21220481238041947,-1.0980977684669386,-2.7642095,1,0.016597150875168585,-0.08990576597963422,-0.6995357774412753,0.952969838248627,False
0.016597150875168585,-0.08990576597963422,-0.6995357774412753,0.952969838248627,-2.6602256,1,-0.028707806569297025,-0.014411432493152113,-1.564645549711715,2.8128602355331487,False
-0.028707806569297025,-0.014411432493152113,-1.564645549711715,2.8128602355331487,1.6096684,1,-0.08010151886799148,0.06926278029775629,-1.0087813944383106,1.4076805828888874,False
-0.08010151886799148,0.06926278029775629,-1.0087813944383106,1.4076805828888874,-1.7084578,1,-0.13167323867889166,0.15126442373609927,-1.5681304799081464,2.685754960493288,False
-0.13167323867889166,0.15126442373609927,-1.5681304799081464,2.685754960493288,0.6028352,0,-0.1902215416477568,0.24932499553223325,-1.3620081687259522,2.244479926189385,True
0.002739487366553017,0.009116422332870775,-0.005345607720879107,-0.003179738988762857,1.2933077,1,0.011104140774887767,-0.010625529205030255,0.422447704862793,-0.974204321912653,False
0.011104140774887767,-0.010625529205030255,0.422447704862793,-0.974204321912653,-0.15788329,1,0.026822451816012005,-0.04607317536568528,0.36439305256818255,-0.8075519480495255,False
0.026822451816012005,-0.04607317536568528,0.36439305256818255,-0.8075519480495255,-0.5692953,1,0.037589048665913075,-0.06959949762430531,0.17509608284110553,-0.37964358019246636,False
0.037589048665913075,-0.06959949762430531,0.17509608284110553,-0.37964358019246636,2.17759,1,0.059137651713950294,-0.1191298014790468,0.8999547507802859,-2.0799376068171953,False
0.059137651713950294,-0.1191298014790468,0.8999547507802859,-2.0799376068171953,-0.099414505,0,0.09436754921584767,-0.2006433556147749,0.8629713074258658,-2.0123174475803856,True
0.009944716433057655,-0.0033336505862112055,-0.005757443232957622,0.00506650770529218,0.29266953,1,0.011666046419652153,-0.007673934065630151,0.09155875148140262,-0.21978526439953047,False
0.011666046419652153,-0.007673934065630151,0.09155875148140262,-0.21978526439953047,2.3784711,1,0.031127016746843306,-0.05284279684851705,0.8793245565770917,-2.0214180665208414,False
0.031127016746843306,-0.05284279684851705,0.8793245565770917,-2.0214180665208414,0.5210352,1,0.06953187189842566,-0.1400750180378899,1.0414845673164606,-2.35091201759109,False
0.06953187189842566,-0.1400750180378899,1.0414845673164606,-2.35091201759109,0.49480784,0,0.11430369292118861,-0.24137174713991155,1.1972989697440541,-2.7246110859506776,True
-0.0071598880456165805,0.008073354605159564,-0.00040841228657914733,0.0029535296338850216,-1.4457618,1,-0.016814206191529197,0.03062408100935149,-0.48097205911772345,1.113280738223552,False
-0.016814206191529197,0.03062408100935149,-0.48097205911772345,1.113280738223552,0.5780829,1,-0.03211022282008524,0.06554716082343935,-0.2852672254571345,0.646598517877369,False
-0.03211022282008524,0.06554716082343935,-0.2852672254571345,0.646598517877369,2.1652768,1,-0.02919044490939914,0.058974228691839846,0.42895196243367606,-0.9543247701831603,False
-0.02919044490939914,0.058974228691839846,0.42895196243367606,-0.9543247701831603,0.9217646,1,-0.006182197333905757,0.009342294100613135,0.7215301494151988,-1.5292865744981423,False
-0.006182197333905757,0.009342294100613135,0.7215301494151988,-1.5292865744981423,1.8636796,1,0.034804927091512686,-0.0781236794955999,1.326794257351355,-2.8407493059709674,False
0.034804927091512686,-0.0781236794955999,1.326794257351355,-2.8407493059709674,0.7164903,0,0.09225570101149048,-0.20037943198764271,1.5457670973772493,-3.2846484222571193,True
-0.006248855100778852,-0.0030001441208326552,0.0050712440493158465,-0.005622624235122455,0.3457489,1,-0.003744089627887489,-0.008560495978875426,0.11986396679587707,-0.26978880580866804,False
-0.003744089627887489,-0.008560495978875426,0.11986396679587707,-0.26978880580866804,-2.319828,1,-0.014406392277384964,0.016489114721867627,-0.650685683124236,1.5022804076379133,False
-0.014406392277384964,0.016489114721867627,-0.650685683124236,1.5022804076379133,0.9098589,1,-0.03419167882150207,0.061022685178106155,-0.34067045481726543,0.7442572439833774,False
-0.03419167882150207,0.061022685178106155,-0.34067045481726543,0.7442572439833774,-1.8561517,1,-0.060157628468814076,0.11960740614629597,-0.9557998278325593,2.173540603595182,False
-0.060157628468814076,0.11960740614629597,-0.9557998278325593,2.173540603595182,0.9200623,1,-0.09219645305455168,0.19245096110228418,-0.6490027725170442,1.4947713749098412,False
-0.09219645305455168,0.19245096110228418,-0.6490027725170442,1.4947713749098412,1.1671633,0,-0.11065943808532318,0.23733079568084722,-0.2766414351201501,0.7706232953837624,True
-0.005482960109323669,0.007132592637007973,-0.004260567497377084,0.005616179297814372,-0.05431727,1,-0.006033684254360188,0.008389573975471059,-0.02322233292241501,0.05676866724657479,False
-0.006033684254360188,0.008389573975471059,-0.02322233292241501,0.05676866724657479,1.0956651,1,0.00031141737327154267,-0.006013711195001196,0.3394747226319761,-0.7682184629382244,False
0.00031141737327154267,-0.006013711195001196,0.3394747226319761,-0.7682184629382244,-0.06795031,1,0.013330313985638827,-0.03477147414218034,0.312152963821821,-0.6766509479758911,False
0.013330313985638827,-0.03477147414218034,0.312152963821821,-0.6766509479758911,1.1784155,1,0.03361647908177341,-0.07976795664084477,0.7014051849616941,-1.5686689021140279,False
0.03361647908177341,-0.07976795664084477,0.7014051849616941,-1.5686689021140279,-1.839194,1,0.0493954182810264,-0.1141534481061942,0.09071058039673105,-0.17853548680123416,False
0.0493954182810264,-0.1141534481061942,0.09071058039673105,-0.17853548680123416,2.1737642,1,0.06763706477135069,-0.15665789771329552,0.8186554552683604,-1.9270656888762792,False
0.06763706477135069,-0.15665789771329552,0.8186554552683604,-1.9270656888762792,2.5197976,0,0.11689931907125495,-0.27210074419199776,1.6391319581731534,-3.822765803342027,True
-0.005385846385461952,0.006282041184158138,0.001394432326667947,0.007611861677588812,2.2474322,1,0.009602220348570221,-0.02776569911671319,0.7459630574189036,-1.6926795743682408,False
0.009602220348570221,-0.02776569911671319,0.7459630574189036,-1.6926795743682408,-2.3392105,1,0.023685126925330185,-0.057922258507637096,-0.0382049501909249,0.15214126241039838,False
0.023685126925330185,-0.057922258507637096,-0.0382049501909249,0.15214126241039838,-0.41458657,1,0.019549624752667867,-0.04699205946409318,-0.16840465566351462,0.3931793960853685,False
0.019549624752667867,-0.04699205946409318,-0.16840465566351462,0.3931793960853685,-2.3227708,1,-0.0024724586805404992,0.0028104062493273132,-0.9311099714483743,2.083628626014449,False
-0.0024724586805404992,0.0028104062493273132,-0.9311099714483743,2.083628626014449,1.4846985,1,-0.02952862417644451,0.06066506209395194,-0.4248268291973247,0.8386939839042707,False
-0.02952862417644451,0.06066506209395194,-0.4248268291973247,0.8386939839042707,-1.9965811,1,-0.059771208925550934,0.1250204683951404,-1.0852649277084234,2.36673549946408,False
-0.059771208925550934,0.1250204683951404,-1.0852649277084234,2.36673549946408,-0.568388,0,-0.10675718557393238,0.22779371180295468,-1.2641280674634061,2.7820955980334263,True
-0.004458252131826275,-0.009436886928109263,-0.008325016208681642,-0.0073752358298170085,2.2715714,1,0.010334381218192893,-0.044797519560197056,0.745795906040584,-1.7427299089805803,False
0.010334381218192893,-0.044797519560197056,0.745795906040584,-1.7427299089805803,2.228247,1,0.05475547161785656,-0.14717274332528404,1.472823943615742,-3.366447017581196,False
0.05475547161785656,-0.14717274332528404,1.472823943615742,-3.366447017581196,1.0568402,0,0.1201899517292433,-0.2959049217446392,1.7969406426130061,-4.076496297768656,True
-0.0018044578574908465,0.00776138668130155,-0.0009293408466680697,0.0016470478943186873,1.8164555,1,0.010220107110800439,-0.01986218704910205,0.600537645725111,-1.3689958704344443,False
0.010220107110800439,-0.01986218704910205,0.600537645725111,-1.3689958704344443,0.99633896,1,0.04068786492947696,-0.08847996096371194,0.9227017722770762,-2.06439682611195,False
0.04068786492947696,-0.08847996096371194,0.9227017722770762,-2.06439682611195,-2.4685833,1,0.06108946154675612,-0.13269220060900463,0.1018335830384074,-0.18451242997840345,False
0.06108946154675612,-0.13269220060900463,0.1018335830384074,-0.18451242997840345,0.2830598,1,0.06729766809758088,-0.14714505196052455,0.20828153209010164,-0.5359053761835576,False
0.06729766809758088,-0.14714505196052455,0.20828153209010164,-0.5359053761835576,1.9574282,0,0.08877925127462494,-0.20067176489985886,0.8631272624951746,-2.123521455791129,True
-0.008853467764171317,-0.009988946173135877,-0.008011344248855135,0.006062414345025755,-1.9952021,1,-0.022425553431067117,0.02070381787865305,-0.6688032722318628,1.5133754788473934,False
-0.022425553431067117,0.02070381787865305,-0.6688032722318628,1.5133754788473934,-1.2720205,1,-0.057436775797845514,0.0992074891161799,-1.081242475040847,2.4125258382779093,False
-0.057436775797845514,0.0992074891161799,-1.081242475040847,2.4125258382779093,-1.0259928,0,-0.10723701386765186,0.21013973432826266,-1.4079746970066334,3.1393277398373467,True
0.009668207166307723,0.007454097127617547,-0.009992290837277958,-0.00874528754847082,2.9330914,1,0.028757182610949953,-0.037733599671000484,0.9617107740573716,-2.2279238796805636,False
0.028757182610949953,-0.037733599671000484,0.9617107740573716,-2.2279238796805636,-2.9604976,1,0.04728421142690941,-0.07933150931965059,-0.03052753371557406,0.10506464772850606,False
0.04728421142690941,-0.07933150931965059,-0.03052753371557406,0.10506464772850606,1.2262049,1,0.05439398251711806,-0.09581948922438072,0.3846470379603527,-0.9179164691180944,False
0.05439398251711806,-0.09581948922438072,0.3846470379603527,-0.9179164691180944,0.9624272,1,0.07621750882190158,-0.14811503851816046,0.7058613211343905,-1.6944240347923702,False
0.07621750882190158,-0.14811503851816046,0.7058613211343905,-1.6944240347923702,0.5852224,0,0.10832534339862322,-0.22567785709758467,0.8994173637885178,-2.188949713934307,True
-0.0007295544552591204,0.0002838653314022932,-0.0026249933040154018,-0.006412811573596005,1.9763108,1,0.012306290040458977,-0.030282166455818944,0.6526135219039284,-1.5066601377851327,False
0.012306290040458977,-0.030282166455818944,0.6526135219039284,-1.5066601377851327,0.32191905,1,0.04037437765114734,-0.09411279256539741,0.7515192001382943,-1.6942695265124466,False
0.04037437765114734,-0.09411279256539741,0.7515192001382943,-1.6942695265124466,0.64730525,1,0.07463353860173516,-0.17151578983352572,0.9615042113859041,-2.181925203637526,False
0.07463353860173516,-0.17151578983352572,0.9615042113859041,-2.181925203637526,1.8178767,0,0.12494270052167895,-0.286490134801625,1.5502973419296728,-3.5554419933910455,True
-0.0005428409675384027,0.0014690916069752214,0.004763990802551803,-0.001256897258827563,1.6837169,1,0.010839963626497121,-0.02437390935232187,0.5628575686057588,-1.2779745397615903,False
0.010839963626497121,-0.02437390935232187,0.5628575686057588,-1.2779745397615903,-2.7745855,1,0.01475850999751103,-0.031718032687735494,-0.3634122071282935,0.8788647665459969,False
0.01475850999751103,-0.031718032687735494,-0.3634122071282935,0.8788647665459969,-0.89156014,1,-0.005508997062721274,0.01526134465272647,-0.6498987083076508,1.4710524054931096,False
-0.005508997062721274,0.01526134465272647,-0.6498987083076508,1.4710524054931096,-0.15731661,1,-0.03235688129096281,0.07492810129368915,-0.6934277767579812,1.5230438522014405,False
-0.03235688129096281,0.07492810129368915,-0.6934277767579812,1.5230438522014405,-2.7403357,1,-0.07814536834103723,0.17719338735476983,-1.5920069067158669,3.5707572574357425,False
-0.07814536834103723,0.17719338735476983,-1.5920069067158669,3.5707572574357425,-1.7084904,0,-0.1525114386789805,0.3437217733660741,-2.1210159793883885,4.747308906755559,True
0.00964778813112664,0.008161627880702902,-0.0007665641744204432,0.0035884723231497783,1.2700665,1,0.018043717707066805,-0.010982880915785804,0.4194456294740999,-0.9512057276388671,False
0.018043717707066805,-0.010982880915785804,0.4194456294740999,-0.9512057276388671,-2.5899913,1,0.017469729708002923,-0.008190220165176692,-0.4450823179041654,1.0631319460948114,False
0.017469729708002923,-0.008190220165176692,-0.4450823179041654,1.0631319460948114,2.4956899,1,0.01644305946638849,-0.005579063524813739,0.3906565910340065,-0.9044428699605707,False
0.01644305946638849,-0.005579063524813739,0.3906565910340065,-0.9044428699605707,-1.1921719,1,0.024010485617794227,-0.022325265721662966,-0.01047248044859385,0.050332308676112235,False
0.024010485617794227,-0.022325265721662966,-0.01047248044859385,0.050332308676112235,-2.352236,1,0.007999026058140575,0.015274229297310092,-0.7880722998661281,1.8123858431924063,False
0.007999026058140575,0.015274229297310092,-0.7880722998661281,1.8123858431924063,0.2283522,1,-0.021757069071730244,0.08221518718822232,-0.7013246848821966,1.551500400728598,False
-0.021757069071730244,0.08221518718822232,-0.7013246848821966,1.551500400728598,0.4946178,1,-0.046461712216156865,0.1365728690298192,-0.5356171496372907,1.1829038975269277,False
-0.046461712216156865,0.1365728690298192,-0.5356171496372907,1.1829038975269277,1.5911212,1,-0.05748829334651725,0.16147428024765392,-0.01822362535247038,0.08397768405071857,False
-0.05748829334651725,0.16147428024765392,-0.01822362535247038,0.08397768405071857,1.9462407,1,-0.04571188194944829,0.13918023980481534,0.6058488333075407,-1.1869122595959871,False
-0.04571188194944829,0.13918023980481534,0.6058488333075407,-1.1869122595959871,-2.2167835,1,-0.03664303703370664,0.1301430480574995,-0.14956081373661412,0.7076885328468397,False
-0.03664303703370664,0.1301430480574995,-0.14956081373661412,0.7076885328468397,1.0542439,1,-0.035845684606245765,0.14462655751847917,0.18797605298944423,0.029392210229806832,False
-0.035845684606245765,0.14462655751847917,0.18797605298944423,0.029392210229806832,-0.22524813,1,-0.030149240676222135,0.15257920761230578,0.09720939155770232,0.36507096576757475,False
-0.030149240676222135,0.15257920761230578,0.09720939155770232,0.36507096576757475,2.6995173,1,-0.008723905847710852,0.12957406148357564,0.972124139746924,-1.496128902500105,False
-0.008723905847710852,0.12957406148357564,0.972124139746924,-1.496128902500105,-1.3781136,1,0.020502937846590352,0.09573371410370225,0.491366593113732,-0.2186525274624678,False
0.020502937846590352,0.09573371410370225,0.491366593113732,-0.2186525274624678,-2.7615764,1,0.02157073275389929,0.13167148985060406,-0.4345055388489071,1.9885118329430211,False
0.02157073275389929,0.13167148985060406,-0.4345055388489071,1.9885118329430211,-0.29882765,0,0.0022600871149116653,0.21605845301452425,-0.5316078063952726,2.241754827663592,True
0.0028889205900190108,-0.008456659694136217,-0.002557459084762026,0.002963791303973138,-2.1293166,1,-0.011361241769793444,0.024213043782368493,-0.7080205785077884,1.6141883830429629,False
-0.011361241769793444,0.024213043782368493,-0.7080205785077884,1.6141883830429629,-0.6506526,1,-0.04380420094034506,0.09716839722788442,-0.9144883955040664,2.0408133796810564,False
-0.04380420094034506,0.09716839722788442,-0.9144883955040664,2.0408133796810564,-2.1530051,0,-0.0944505498180365,0.210775234146003,-1.6144452372966636,3.6276770752245318,True
-0.005798724670030881,-0.005879346314213563,0.008226326657700931,-0.007574117694018196,-2.9898844,1,-0.025348638723355882,0.03966179748404619,-0.9828745697521479,2.2610868188404543,False
-0.025348638723355882,0.03966179748404619,-0.9828745697521479,2.2610868188404543,-2.921443,1,-0.0837282635739902,0.1725049417780806,-1.9316383468271994,4.363934109841769,False
-0.0837282635739902,0.1725049417780806,-1.9316383468271994,4.363934109841769,-2.0633671,0,-0.1736759812883579,0.3743231653576752,-2.5571213758025695,5.7100616469698275,True
0.006180017074577191,-0.004968355811343543,0.007657502955220337,0.006324312689106817,-1.1155529,1,-0.0009265315587693657,0.012340191114453137,-0.36199869725275946,0.8506539717975347,False
-0.0009265315587693657,0.012340191114453137,-0.36199869725275946,0.8506539717975347,2.8744252,1,0.0038099780940305072,0.001405076500689225,0.5956131366791249,-1.3685164230421325,False
0.0038099780940305072,0.001405076500689225,0.5956131366791249,-1.3685164230421325,-0.40593433,1,0.024717430857161646,-0.04519605905101321,0.45123176625343786,-0.9762937696181955,False
0.024717430857161646,-0.04519605905101321,0.45123176625343786,-0.9762937696181955,2.702063,1,0.060645027346209045,-0.12527957008382323,1.3421351102524668,-3.0097079748240447,False
0.060645027346209045,-0.12527957008382323,1.3421351102524668,-3.0097079748240447,-0.7654065,0,0.10897583677578793,-0.23272877337037354,1.0776605986440038,-2.394890734626079,True
0.00823400396303601,-0.0008834601780012719,-0.009296345672884367,0.0026890606807047713,2.6980517,1,0.025807165157701338,-0.042210410675074785,0.8853953480100308,-2.047812394926843,False
0.025807165157701338,-0.042210410675074785,0.8853953480100308,-2.047812394926843,0.55846137,1,0.06468076887949713,-0.13080630131744828,1.058846939142033,-2.3927668576419174,False
0.06468076887949713,-0.13080630131744828,1.058846939142033,-2.3927668576419174,-1.0564044,0,0.0999154366296493,-0.21025464488487608,0.7061874263623005,-1.609331221893601,True
0.008704614383545965,0.001320083322691017,0.002296054291994185,-0.002323737913894073,-0.8834738,1,0.002912477093575674,0.014873785802101717,-0.29110801972104183,0.6731845359730616,False
0.002912477093575674,0.014873785802101717,-0.29110801972104183,0.6731845359730616,-2.8559186,1,-0.027648077605579604,0.08510120820264645,-1.2341145164159897,2.8188237833647376,False
-0.027648077605579604,0.08510120820264645,-1.2341145164159897,2.8188237833647376,2.10341,1,-0.06278922873131197,0.16403160384249757,-0.5280747886897562,1.1716217599861811,False
-0.06278922873131197,0.16403160384249757,-0.5280747886897562,1.1716217599861811,-1.2102857,0,-0.09202945552291725,0.2311546050468411,-0.9324277161059646,2.1786049495678688,True
0.002572102925892246,-0.0053859359192020605,0.0053399164552831715,-0.006317483450936141,2.7275681,1,0.020934336444859324,-0.04761441674239321,0.9101459845741434,-2.083505062836511,False
0.020934336444859324,-0.04761441674239321,0.9101459845741434,-2.083505062836511,-0.42159125,1,0.05430101044085945,-0.1227347567052719,0.7601972662806732,-1.6931495520731923,False
0.05430101044085945,-0.1227347567052719,0.7601972662806732,-1.6931495520731923,0.578653,1,0.0884981739412968,-0.19963736483364772,0.9496983258151525,-2.1579980838298223,False
0.0884981739412968,-0.19963736483364772,0.9496983258151525,-2.1579980838298223,2.085818,0,0.1400852241558623,-0.31793893309260934,1.6247197919879521,-3.739143746480277,True
-0.004594795150532489,-0.00862218099605142,0.005022540659476493,0.007933850778669435,2.871042,1,0.014717249850570494,-0.05257416824468229,0.9577572675571548,-2.18246266723044,False
0.014717249850570494,-0.05257416824468229,0.9577572675571548,-2.18246266723044,-1.6929833,1,0.04154706388459294,-0.1122069829841593,0.38738796715617163,-0.8320195156538487,False
0.04154706388459294,-0.1122069829841593,0.38738796715617163,-0.8320195156538487,0.8476485,1,0.06276138857192637,-0.15977316083334336,0.6727222763993003,-1.5440114429196707,False
0.06276138857192637,-0.15977316083334336,0.6727222763993003,-1.5440114429196707,-2.854672,1,0.070942771850651,-0.18024596462723788,-0.25957041975348205,0.485440538540538,False
0.070942771850651,-0.18024596462723788,-0.25957041975348205,0.485440538540538,1.3660204,1,0.07003387019198092,-0.18606955511066853,0.21227724200659004,-0.7600769119293125,False
0.07003387019198092,-0.18606955511066853,0.21227724200659004,-0.7600769119293125,-2.9415116,1,0.059448212398926836,-0.17575849704863766,-0.7389743732556298,1.2510056913313705,False
0.059448212398926836,-0.17575849704863766,-0.7389743732556298,1.2510056913313705,0.90424675,1,0.03643052804062018,-0.1450065947785587,-0.41350345435680685,0.30419377192679964,False
0.03643052804062018,-0.1450065947785587,-0.41350345435680685,0.30419377192679964,-0.11739742,1,0.019496353308881217,-0.1348271221768539,-0.43350287095514495,0.2080332114983276,False
0.019496353308881217,-0.1348271221768539,-0.43350287095514495,0.2080332114983276,-2.8624442,1,-0.016460321820108547,-0.08644910992384967,-1.3629990936862038,2.1964481101553885,False
-0.016460321820108547,-0.08644910992384967,-1.3629990936862038,2.1964481101553885,-0.008868702,1,-0.07051267827040582,-0.003367680139512173,-1.3411665430195874,1.97627008716552,False
-0.07051267827040582,-0.003367680139512173,-1.3411665430195874,1.97627008716552,0.6448576,1,-0.11952800177586628,0.06301359295239961,-1.1117609701089024,1.3646207831759432,False
-0.11952800177586628,0.06301359295239961,-1.1117609701089024,1.3646207831759432,1.7692091,1,-0.15214850819182965,0.09014038037735395,-0.5221017712255958,0.017039470685633475,False
-0.15214850819182965,0.09014038037735395,-0.5221017712255958,0.017039470685633475,-1.5285125,1,-0.1833399670546573,0.11616330278123534,-1.03576344007216,1.270517445371886,False
-0.1833399670546573,0.11616330278123534,-1.03576344007216,1.270517445371886,-1.1124166,1,-0.23213415747991992,0.18470569233077397,-1.4029705047148748,2.1540793712465582,False
-0.23213415747991992,0.18470569233077397,-1.4029705047148748,2.1540793712465582,-0.8767609,0,-0.29393869517156657,0.28491393491678724,-1.686178068173759,2.8589200085677455,True
0.007026677865104938,0.0075594512845542725,0.006307556306345499,-0.00461523640011136,-2.0236127,1,-0.006202223444236704,0.03868080604667334,-0.6658365843812397,1.5446684452350037,False
-0.006202223444236704,0.03868080604667334,-0.6658365843812397,1.5446684452350037,1.910144,1,-0.019992156621904775,0.07005998478280764,-0.026776457277282797,0.05239627661335655,False
-0.019992156621904775,0.07005998478280764,-0.026776457277282797,0.05239627661335655,1.8844354,1,-0.008696838115940771,0.04490634596423806,0.590085276592058,-1.2968611495756444,False
-0.008696838115940771,0.04490634596423806,0.590085276592058,-1.2968611495756444,-1.1484582,1,0.006968602256042025,0.013476821195127804,0.19523085373406407,-0.2945297596380025,False
0.006968602256042025,0.013476821195127804,0.19523085373406407,-0.2945297596380025,-1.9384595,1,0.001800958799559047,0.03222903889237384,-0.45157846062698465,1.2144431118725207,False
0.001800958799559047,0.03222903889237384,-0.45157846062698465,1.2144431118725207,1.7134421,1,-0.0047658157255504085,0.053699859597592325,0.12066125152450032,-0.11747467240357165,False
-0.0047658157255504085,0.053699859597592325,0.12066125152450032,-0.11747467240357165,1.2307498,1,0.008094619955903059,0.03158747744094207,0.5215023648374094,-0.9807058197763322,False
0.008094619955903059,0.03158747744094207,0.5215023648374094,-0.9807058197763322,-2.6028645,1,0.011414285125748163,0.03442590017766975,-0.35235439299466814,1.0940186386671082,False
0.011414285125748163,0.03442590017766975,-0.35235439299466814,1.0940186386671082,-0.898694,1,-0.008566844005075881,0.09134048294747336,-0.6464728429246218,1.7526350723609565,False
-0.008566844005075881,0.09134048294747336,-0.6464728429246218,1.7526350723609565,1.7966248,1,-0.02245070642772445,0.1339171451008076,-0.05111968077239479,0.4057928847986009,False
-0.02245070642772445,0.1339171451008076,-0.05111968077239479,0.4057928847986009,2.6340728,1,-0.007311235371137101,0.11286831590479535,0.806041717585937,-1.4383916861413288,False
-0.007311235371137101,0.11286831590479535,0.806041717585937,-1.4383916861413288,1.3024704,1,0.03311095933556871,0.0400108746129,1.215422430000412,-2.2093774712310994,False
0.03311095933556871,0.0400108746129,1.215422430000412,-2.2093774712310994,0.5041047,1,0.08463863374459236,-0.052154839340283594,1.3619748380936112,-2.4133059992521053,False
0.08463863374459236,-0.052154839340283594,1.3619748380936112,-2.4133059992521053,2.806205,1,0.15736791707438816,-0.18918794649211546,2.269903904465741,-4.422059288598603,False
0.15736791707438816,-0.18918794649211546,2.269903904465741,-4.422059288598603,2.450405,0,0.2632732104547736,-0.39882193308414166,3.014111394062785,-6.031090187786354,True
-0.007258621184584327,-3.122174584399673e-05,-0.006202300275272777,0.007466110098943406,-1.8294495,1,-0.019677933726739604,0.028401010091623016,-0.6130876180737016,1.4000030757029742,False
-0.019677933726739604,0.028401010091623016,-0.6130876180737016,1.4000030757029742,0.1516877,1,-0.04303969544442568,0.08088750697429935,-0.5562192214771995,1.236995162663875,False
-0.04303969544442568,0.08088750697429935,-0.5562192214771995,1.236995162663875,1.9293687,1,-0.052478482257283396,0.10118737200016256,0.08144660934423548,-0.19687488128837802,False
-0.052478482257283396,0.10118737200016256,0.08144660934423548,-0.19687488128837802,2.748724,1,-0.031235633047031856,0.05401095467472401,0.9791338814320532,-2.1466100850812846,False
-0.031235633047031856,0.05401095467472401,0.9791338814320532,-2.1466100850812846,-0.5109222,1,0.0040886548502848535,-0.01986444326546573,0.7890955604851485,-1.5691532362343883,False
0.0040886548502848535,-0.01986444326546573,0.7890955604851485,-1.5691532362343883,-1.0824292,1,0.028245391340547342,-0.0643193206698265,0.4210621502122764,-0.6754302142007408,False
0.028245391340547342,-0.0643193206698265,0.4210621502122764,-0.6754302142007408,1.3397592,1,0.05400680432338037,-0.11234690575256512,0.8659026880559789,-1.7191482442689372,False
0.05400680432338037,-0.11234690575256512,0.8659026880559789,-1.7191482442689372,2.4404135,0,0.10468055992263298,-0.21808836215841432,1.663744460162744,-3.5502721886791155,True
0.003001711235251261,0.00803177661260607,-0.0018994855933297929,-0.0039485204327793216,0.18657555,1,0.0041444415345586,0.005238739697093456,0.0588854852467193,-0.134422369547766,False
0.0041444415345586,0.005238739697093456,0.0588854852467193,-0.134422369547766,2.197866,1,0.02108317100730819,-0.03356323727681183,0.7861325120266548,-1.7898084040519062,False
0.02108317100730819,-0.03356323727681183,0.7861325120266548,-1.7898084040519062,0.62990785,1,0.056492357734773194,-0.11310996649574466,0.9847506995171965,-2.1960482992152737,False
0.056492357734773194,-0.11310996649574466,0.9847506995171965,-2.1960482992152737,2.400743,0,0.11154457164339679,-0.2365721349674335,1.7633809835951304,-3.9606627845353124,True
-0.005397445134906742,0.009239722047658286,0.0055372041345551895,-0.003094479540183708,-2.139585,1,-0.019431634546676766,0.042238366570540975,-0.7052011055780169,1.6360174670719831,False
-0.019431634546676766,0.042238366570540975,-0.7052011055780169,1.6360174670719831,-2.0107486,1,-0.06080962998690787,0.13719906696207554,-1.3617223961525418,3.1044853562302066,False
-0.06080962998690787,0.13719906696207554,-1.3617223961525418,3.1044853562302066,0.38443604,0,-0.11243077247378566,0.254350217858055,-1.221769903196115,2.7809516660163167,True
-0.00994064509325599,-0.007770540385891613,0.004054078192253281,-0.004873215826761801,-0.54654956,1,-0.013401141235276911,0.0002959805763726107,-0.17659887584390252,0.40405925013562627,False
-0.013401141235276911,0.0002959805763726107,-0.17659887584390252,0.40405925013562627,-0.13586175,1,-0.021311600368362736,0.018051292502921475,-0.21913224060057981,0.4860678534192119,False
-0.021311600368362736,0.018051292502921475,-0.21913224060057981,0.4860678534192119,0.17336789,1,-0.02889365792104025,0.03464085004596268,-0.16050700835078874,0.34865843660743023,False
-0.02889365792104025,0.03464085004596268,-0.16050700835078874,0.34865843660743023,1.5947545,1,-0.024738192063385987,0.024491394670323095,0.36665642595228587,-0.8415674551648599,False
-0.024738192063385987,0.024491394670323095,0.36665642595228587,-0.8415674551648599,-2.814871,1,-0.028980357780796617,0.03579345750415872,-0.575486812294013,1.3775090987733347,False
-0.028980357780796617,0.03579345750415872,-0.575486812294013,1.3775090987733347,0.016594123,1,-0.0517565042885358,0.08965503057194774,-0.564360501622517,1.326810142636369,False
-0.0517565042885358,0.08965503057194774,-0.564360501622517,1.326810142636369,-1.9846448,1,-0.08744531070155068,0.1731600324612083,-1.217650602118641,2.8370151105913464,False
-0.08744531070155068,0.1731600324612083,-1.217650602118641,2.8370151105913464,-1.1353753,0,-0.14335604316668313,0.3032332610645359,-1.57577269794195,3.668288889300439,True
0.007910609329943592,0.0010938676288923287,0.004904389478514684,0.009322017803596434,0.008931353,1,0.00816075443213925,0.0013829564259611213,0.007590434022026972,0.005248434279749694,False
0.00816075443213925,0.0013829564259611213,0.007590434022026972,0.005248434279749694,0.97454786,1,0.014940264313870596,-0.013314554350038114,0.3305173526789308,-0.7326631173652352,False
0.014940264313870596,-0.013314554350038114,0.3305173526789308,-0.7326631173652352,-1.7797132,1,0.016237166945218883,-0.014574035193402132,-0.2635035323809058,0.6500146221636312,False
0.016237166945218883,-0.014574035193402132,-0.2635035323809058,0.6500146221636312,1.7369237,1,0.01737755158890191,-0.016425129757421827,0.3184317998165961,-0.7236479325560142,False
0.01737755158890191,-0.016425129757421827,0.3184317998165961,-0.7236479325560142,-2.310374,1,0.014670527906454827,-0.009259988183146594,-0.4511706735069511,1.058365244873106,False
0.014670527906454827,-0.009259988183146594,-0.4511706735069511,1.058365244873106,1.3930728,1,0.006067934964259302,0.010081842687911706,0.018923623000762356,-0.07155818816178496,False
0.006067934964259302,0.010081842687911706,0.018923623000762356,-0.07155818816178496,-0.23299272,1,0.005238335644193162,0.011167182216174543,-0.060125020762980624,0.12331013386570329,False
0.005238335644193162,0.011167182216174543,-0.060125020762980624,0.12331013386570329,1.9476227,1,0.015778694797690392,-0.013687889680213927,0.5853283631174835,-1.350311790170639,False
0.015778694797690392,-0.013687889680213927,0.5853283631174835,-1.350311790170639,2.647184,1,0.05659480319907291,-0.10674956643374006,1.4529463959082736,-3.2892026955190445,False
0.05659480319907291,-0.10674956643374006,1.4529463959082736,-3.2892026955190445,0.5035374,0,0.11760783898076195,-0.24358089196855415,1.5979180279935963,-3.5693083642043346,True
-0.004397531520758429,0.0009496458442860956,0.006610418478768929,-0.007540983879811045,-0.66037494,1,-0.008533193968540942,0.0108657835780338,-0.21279691370043333,0.4982038096707249,False
-0.008533193968540942,0.0108657835780338,-0.21279691370043333,0.4982038096707249,-0.6767132,1,-0.02149779610923823,0.04081279633518771,-0.43518522548460115,0.9978980329306357,False
-0.02149779610923823,0.04081279633518771,-0.43518522548460115,0.9978980329306357,2.8647478,1,-0.019804730377081553,0.03645066330532291,0.5165677836071518,-1.1863529750005997,False
-0.019804730377081553,0.03645066330532291,0.5165677836071518,-1.1863529750005997,0.7372449,1,0.005497736286534126,-0.019858118831916797,0.7488581098258604,-1.6338495373734876,False
0.005497736286534126,-0.019858118831916797,0.7488581098258604,-1.6338495373734876,1.2929499,1,0.04381981198719727,-0.10323888297801678,1.166751999346569,-2.536634172594398,False
0.04381981198719727,-0.10323888297801678,1.166751999346569,-2.536634172594398,0.88041174,0,0.09605000757599856,-0.2167559619333024,1.4442708279774201,-3.147032653304413,True
-0.009202715341916337,-0.0004885582484221862,-0.006006701883123935,0.008959990516682097,0.5120985,1,-0.0060376697943854965,-0.007983004966218624,0.1637993261829743,-0.379710431519281,False
-0.0060376697943854965,-0.007983004966218624,0.1637993261829743,-0.379710431519281,1.9737949,1,0.01359720107956353,-0.053124719382580385,0.8162999441245338,-1.8646991502898322,False
0.01359720107956353,-0.053124719382580385,0.8162999441245338,-1.8646991502898322,-0.8719535,1,0.040272756852544354,-0.1130434779717373,0.5198942867000645,-1.1540394562399252,False
0.040272756852544354,-0.1130434779717373,0.5198942867000645,-1.1540394562399252,0.3901892,1,0.06370484863812657,-0.16612027671818874,0.6519031503326155,-1.504309726963383,False
0.06370484863812657,-0.16612027671818874,0.6519031503326155,-1.504309726963383,-0.41130084,0,0.0871719339603789,-0.22184940428833924,0.5229292992954546,-1.2966595232358766,True
0.005470117199678639,0.005473949303108365,0.007173597733991335,0.003065187045737523,-1.5864182,1,-0.004811233935802393,0.030131109592939402,-0.5197778997857403,1.2174248711984204,False
-0.004811233935802393,0.030131109592939402,-0.5197778997857403,1.2174248711984204,1.0215688,1,-0.018694798144849596,0.062267976856271785,-0.17635817170222065,0.4075826515964951,False
-0.018694798144849596,0.062267976856271785,-0.17635817170222065,0.4075826515964951,-1.3223835,1,-0.034609600764460124,0.09973802689688484,-0.6181894138040722,1.4574223593778783,False
-0.034609600764460124,0.09973802689688484,-0.6181894138040722,1.4574223593778783,0.57232976,1,-0.05553360965277322,0.14971093830176704,-0.4297310240569303,1.05747685134855,False
-0.05553360965277322,0.14971093830176704,-0.4297310240569303,1.05747685134855,2.4936483,1,-0.056428310632696446,0.1565425797827201,0.38201675244019206,-0.6894397239721439,False
-0.056428310632696446,0.1565425797827201,0.38201675244019206,-0.6894397239721439,-1.5876377,1,-0.052094652997975756,0.15748666288116955,-0.16322580911962314,0.7172269780738727,False
-0.052094652997975756,0.15748666288116955,-0.16322580911962314,0.7172269780738727,-0.53889215,1,-0.06241863879278389,0.19697731130886895,-0.3525820967857203,1.256247767079519,False
-0.06241863879278389,0.19697731130886895,-0.3525820967857203,1.256247767079519,2.9550588,0,-0.05735378725230432,0.20624970846612645,0.6022509259898974,-0.7613290408776435,True
0.007383299896519488,-0.006569685959841927,-0.004835772976004189,0.005791576128316058,1.2854167,1,0.01575224176284841,-0.026208634486948122,0.4221091002959645,-0.9777266468284743,False
0.01575224176284841,-0.026208634486948122,0.4221091002959645,-0.9777266468284743,0.3733794,1,0.03502192399887371,-0.07030494395593694,0.5417369980028541,-1.2319678664631237,False
0.03502192399887371,-0.07030494395593694,0.5417369980028541,-1.2319678664631237,-1.9842639,1,0.043479333887451566,-0.08919514040551148,-0.11600675733960544,0.2619375054563408,False
0.043479333887451566,-0.08919514040551148,-0.11600675733960544,0.2619375054563408,-2.8224313,1,0.020326755927692165,-0.03793141171374271,-1.0399360894668472,2.285330048336123,False
0.020326755927692165,-0.03793141171374271,-1.0399360894668472,2.285330048336123,1.5829335,1,-0.010314661275608365,0.02527392873989624,-0.49530308905497966,0.9064097793254352,False
-0.010314661275608365,0.02527392873989624,-0.49530308905497966,0.9064097793254352,-0.4827834,1,-0.033248856605774826,0.06833111647615454,-0.6515984787837313,1.2498109076568544,False
-0.033248856605774826,0.06833111647615454,-0.6515984787837313,1.2498109076568544,1.2165565,1,-0.05119055461452577,0.09966601944769314,-0.24769229799625261,0.33682285023851827,False
-0.05119055461452577,0.09966601944769314,-0.24769229799625261,0.33682285023851827,-1.1867611,1,-0.06912953198351389,0.133079390773596,-0.64804935513368,1.3252385346183064,False
-0.06912953198351389,0.133079390773596,-0.64804935513368,1.3252385346183064,-1.1394585,0,-0.10263101385321148,0.20450800015475556,-1.0258719239871203,2.2430182116192885,True
-0.0039067358187800764,-0.004461518487790459,0.009731906065497302,0.006766145089572124,-2.3409483,1,-0.019082058706446664,0.03170081028023573,-0.76633374589231,1.7832121162909151,False
-0.019082058706446664,0.03170081028023573,-0.76633374589231,1.7832121162909151,2.4380157,1,-0.033328809489169574,0.06403364086694607,0.05017118787643526,-0.13216470381068146,False
-0.033328809489169574,0.06403364086694607,0.05017118787643526,-0.13216470381068146,-2.7143722,1,-0.049514364509516094,0.10197878737575804,-0.8562913096144606,2.004523303380096,False
-0.049514364509516094,0.10197878737575804,-0.8562913096144606,2.004523303380096,0.350655,1,-0.08132909694713218,0.17647731701962308,-0.7362785343580068,1.7392524491636505,False
-0.08132909694713218,0.17647731701962308,-0.7362785343580068,1.7392524491636505,1.005084,0,-0.10425723988675445,0.2327726972066232,-0.41269679948810484,1.0980246565368081,True
-0.007405423890521233,0.003146385488015031,0.0028523448219455426,-0.008002766769721418,-1.7398034,1,-0.01887580824622624,0.029676994806162954,-0.5747600003591504,1.3209070929547755,False
-0.01887580824622624,0.029676994806162954,-0.5747600003591504,1.3209070929547755,-0.19443454,1,-0.043019788701583614,0.08444162207288354,-0.6332069755350119,1.4263564640086133,False
-0.043019788701583614,0.08444162207288354,-0.6332069755350119,1.4263564640086133,0.24889685,1,-0.0666554416373982,0.13776103324824263,-0.5498726469515914,1.2527849803265507,False
-0.0666554416373982,0.13776103324824263,-0.5498726469515914,1.2527849803265507,2.2420309,1,-0.07394508904226949,0.1555763541350354,0.18225313710220148,-0.3347480480436569,False
-0.07394508904226949,0.1555763541350354,0.18225313710220148,-0.3347480480436569,1.5099279,1,-0.05707031289071097,0.12346576895427314,0.660977930668071,-1.2656611166986431,False
-0.05707031289071097,0.12346576895427314,0.660977930668071,-1.2656611166986431,1.667532,1,-0.020027376048771497,0.05199478128430909,1.1912799006509196,-2.309578755307534,False
-0.020027376048771497,0.05199478128430909,1.1912799006509196,-2.309578755307534,1.2428998,1,0.03541508678751048,-0.055128681044779075,1.5810763523866027,-3.0558572026179567,False
0.03541508678751048,-0.055128681044779075,1.5810763523866027,-3.0558572026179567,0.13985284,1,0.09914071707037213,-0.1764292162399802,1.606602538643632,-3.0310612323841712,False
0.09914071707037213,-0.1764292162399802,1.606602538643632,-3.0310612323841712,0.70409733,0,0.16771875889249535,-0.3075485634916155,1.8214848958994396,-3.5347603674816783,True
-0.0033052258788662204,-0.008478751011529713,0.0007096525094274231,0.00869452013991778,-1.2020481,1,-0.011256336039168884,0.01016730342896689,-0.39721084454485023,0.9145716455961697,False
-0.011256336039168884,0.01016730342896689,-0.39721084454485023,0.9145716455961697,1.8664259,1,-0.014617906844025185,0.017135998698939843,0.22672549949493367,-0.5442081943616959,False
-0.014617906844025185,0.017135998698939843,0.22672549949493367,-0.5442081943616959,1.0146024,1,0.0010755551449214327,-0.019055402969332686,0.5575000146814185,-1.2624110834895872,False
0.0010755551449214327,-0.019055402969332686,0.5575000146814185,-1.2624110834895872,-0.23205881,1,0.021674828364339312,-0.06469831838107316,0.47367737588047437,-1.032049556288648,False
0.021674828364339312,-0.06469831838107316,0.47367737588047437,-1.032049556288648,0.8215331,1,0.04604806628712525,-0.11859823436517858,0.7447065224738041,-1.6634697993128125,False
0.04604806628712525,-0.11859823436517858,0.7447065224738041,-1.6634697993128125,-0.86618805,1,0.07008638887277287,-0.17245566932371642,0.4594950200357041,-1.0501528040093202,False
0.07008638887277287,-0.17245566932371642,0.4594950200357041,-1.0501528040093202,-0.22446963,0,0.0871866347017032,-0.21359955457849605,0.3963600746442562,-1.0157443518218063,True
-0.006267019151085687,-0.00527661651448549,-0.003960712897298872,0.00426997753116557,1.0514143,1,0.0005773548786406334,-0.02134970458014667,0.34522789612015764,-0.7997731719568105,False
0.0005773548786406334,-0.02134970458014667,0.34522789612015764,-0.7997731719568105,-2.351005,1,-0.0013271016555443651,-0.01662653576447945,-0.4377461449600751,1.011495129393348,False
-0.0013271016555443651,-0.01662653576447945,-0.4377461449600751,1.011495129393348,2.7154286,1,-0.0005870333897712737,-0.019584275902666818,0.47148658010068845,-1.1298831656226374,False
-0.0005870333897712737,-0.019584275902666818,0.47148658010068845,-1.1298831656226374,1.651929,1,0.029115732176022445,-0.0890168035612224,1.012564935757521,-2.336553976002158,False
0.029115732176022445,-0.0890168035612224,1.012564935757521,-2.336553976002158,-0.04882064,1,0.06907624203672193,-0.18051325884900757,0.9869851149329292,-2.2567035207163118,False
0.06907624203672193,-0.18051325884900757,0.9869851149329292,-2.2567035207163118,-2.2066412,0,0.09404444643899715,-0.23895438411485256,0.26633453090896586,-0.7050004360018424,True
0.006201898564112774,0.00034701708657448594,-0.007568715718668628,0.004657934897560798,2.9496982,1,0.02551514372790714,-0.044739988356002826,0.9704072365489961,-2.2357147056918536,False
0.02551514372790714,-0.044739988356002826,0.9704072365489961,-2.2357147056918536,2.6714673,1,0.08174914959354383,-0.1728329849737524,1.8374566963358852,-4.155078865706187,False
0.08174914959354383,-0.1728329849737524,1.8374566963358852,-4.155078865706187,0.6927989,0,0.15913141417354243,-0.3467403778628018,2.0300226558928656,-4.554918028378105,True
0.0034238848216490993,0.00838648798300765,-0.0033301658029498003,-0.009678506651148168,2.0147114,1,0.016668471903719704,-0.02270716652873175,0.663762384508491,-1.529727401510629,False
0.016668471903719704,-0.02270716652873175,0.663762384508491,-1.529727401510629,1.2562921,1,0.05136926407435972,-0.10157469663782821,1.070797641056721,-2.414675605710894,False
0.05136926407435972,-0.10157469663782821,1.070797641056721,-2.414675605710894,2.2683108,0,0.10893383648162117,-0.23127824286746346,1.8033013844516272,-4.057514134683973,True
-0.0026663121402629207,0.001143178119029389,-0.0040018531996854475,0.007385290870740003,-2.5323293,1,-0.0196747817403431,0.0403946628678363,-0.844017017232006,1.9352733457392117,False
-0.0196747817403431,0.0403946628678363,-0.844017017232006,1.9352733457392117,-2.9979117,1,-0.07307907051376682,0.16188732428125177,-1.8219152822853375,4.120599091430765,False
-0.07307907051376682,0.16188732428125177,-1.8219152822853375,4.120599091430765,-0.6721355,0,-0.14971876793006564,0.33405926967931404,-2.0086300472175336,4.503272089979153,True
0.006198832451704526,0.002016122846585773,0.0017050116850384578,0.0026459903291888944,0.24417068,1,0.007883113194095936,-0.001546591862842748,0.08229523147232991,-0.1789384367052064,False
0.007883113194095936,-0.001546591862842748,0.08229523147232991,-0.1789384367052064,2.1492293,1,0.025442273408819324,-0.041477539520895786,0.7937735005710193,-1.8022331454121991,False
0.025442273408819324,-0.041477539520895786,0.7937735005710193,-1.8022331454121991,-1.2034286,1,0.04900014152111623,-0.09362596509874638,0.3868237587239347,-0.8301943714193623,False
0.04900014152111623,-0.09362596509874638,0.3868237587239347,-0.8301943714193623,-2.3593962,1,0.04889836147241643,-0.09187675853666674,-0.38929452247533564,0.8939186942071072,False
0.04889836147241643,-0.09187675853666674,-0.38929452247533564,0.8939186942071072,-1.0865437,1,0.02644097437500995,-0.04277668045563181,-0.733584350489005,1.5621280848960704,False
0.02644097437500995,-0.04277668045563181,-0.733584350489005,1.5621280848960704,-1.0207721,1,-0.009361775403144255,0.03234032546312919,-1.0567847861934911,2.199225314810637,False
-0.009361775403144255,0.03234032546312919,-1.0567847861934911,2.199225314810637,1.5730908,1,-0.040899431939159,0.09401399610903699,-0.5235622760375583,0.9162444167416253,False
-0.040899431939159,0.09401399610903699,-0.5235622760375583,0.9162444167416253,1.7954882,1,-0.050000060396299534,0.10428767442479851,0.06620605164724988,-0.38181282257119614,False
-0.050000060396299534,0.10428767442479851,0.06620605164724988,-0.38181282257119614,1.9584565,1,-0.03464149218177364,0.062088405485935694,0.7008113307650836,-1.7194813428844384,False
-0.03464149218177364,0.062088405485935694,0.7008113307650836,-1.7194813428844384,-1.7725418,1,-0.018786746496678733,0.024253132614001686,0.09474201969775534,-0.20013114439521124,False
-0.018786746496678733,0.024253132614001686,0.09474201969775534,-0.20013114439521124,-0.9972176,1,-0.021718894096981255,0.03243510345779419,-0.2402572675375037,0.5995725648017017,False
-0.021718894096981255,0.03243510345779419,-0.2402572675375037,0.5995725648017017,-1.7372264,1,-0.042858806430076044,0.08304545423230184,-0.8152669608796352,1.9208640551490932,False
-0.042858806430076044,0.08304545423230184,-0.8152669608796352,1.9208640551490932,1.8934056,1,-0.06279513459699775,0.13041114088446149,-0.18524020100886537,0.4795572204207211,False
-0.06279513459699775,0.13041114088446149,-0.18524020100886537,0.4795572204207211,1.6266465,1,-0.059663400673300435,0.12738100191563076,0.34021366426729527,-0.6164532316390925,False
-0.059663400673300435,0.12738100191563076,0.34021366426729527,-0.6164532316390925,-0.13588923,1,-0.047337968179292596,0.10860514024914276,0.27677061290751204,-0.3297940266316924,False
-0.047337968179292596,0.10860514024914276,0.27677061290751204,-0.3297940266316924,-2.8622942,1,-0.05553595322102192,0.14194970792846437,-0.6829767124169156,1.9680522694197045,False
-0.05553595322102192,0.14194970792846437,-0.6829767124169156,1.9680522694197045,-2.927693,0,-0.10204596075982449,0.2649339409381027,-1.6360218713637773,4.152815375313305,True
-0.004647687548921114,-0.004259855763684579,0.007355295295135127,-0.007070238618915536,2.510578,1,0.012349633243299473,-0.04315969637707208,0.8401310148854048,-1.918193879610714,False
0.012349633243299473,-0.04315969637707208,0.8401310148854048,-1.918193879610714,0.17125621,1,0.04686961397116326,-0.12085764445350919,0.8869669715595222,-1.9804154398624738,False
0.04686961397116326,-0.12085764445350919,0.8869669715595222,-1.9804154398624738,-0.26180092,1,0.08053110712151802,-0.1961227969070143,0.7977612417018263,-1.8003853644742254,False
0.08053110712151802,-0.1961227969070143,0.7977612417018263,-1.8003853644742254,-0.8533762,0,0.10693969069618456,-0.25744996473677717,0.5250701381213237,-1.2874597639243963,True
